Date,Name,Year,Letterboxd URI,Rating,Rewatch,Review,Tags,Watched Date
2026-01-02,How to Train Your Dragon,2025,https://boxd.it/cmZPAF,4,,"Os dragões não ficaram estranhos nas interações com os humanos-cenários. (Com alguns momentos sim, mas dá pra relevar)

O design dos dragões ficaram bem legais no live action. Fico curioso pra ver como seriam os dragões dos próximos filmes. Vão precisar de um investimento gigantesco.

Dito isso, é um bom filme, sessão da tarde. Como o original animado.","dragões, live action",2026-01-01
2026-01-04,In the Lost Lands,2025,https://boxd.it/cqNUFn,2.5,,"Definitivamente um filme muito esforçado. Mas que peca muito no roteiro, senti que as coisas não tinham tanta profundidade. Mas gostei de como foi apresentado o plot no final.

Acredito que se mudassem uma coisa ali e aqui ficava um pouco mais pé no chão.
Tinham muitos elementos misturados que fazem com que pareça que o diretor quis atirar pra todos os lados.

Uma mistura de Mad Max, Eu sou a Lenda, Faroeste e um pouco do que são os filmes da Milla Jovovich (Muito CGI e câmera lenta).

Seria um bom filme Tela Quente pra ver nas noites de segunda.","fantasia, sombrio, ação",2026-01-04
2026-01-07,Planet of the Apes,1968,https://boxd.it/cuPCtX,3.5,,"Nota 3.5, por causa do meu repertório ser mais contemporâneo. Mas se eu visse na época quem lançou seria totalmente 4.5.

Sem dúvidas um clássico, apesar de ser um filme datado com aquela saturação da época. Não deixa de ser um ótimo exemplo de pontos de vista criativos com a câmera. 
Passeando entre cenas internas e estáticas até às cenas mais abertas com o cenário externo.
Sinto que foi um pouco arrastado para chegar até o final, mas acho que seja uma assinatura dos filmes da época. Ou talvez seja o meu discernimento que está acostumado com tudo é agora.

Apesar de ter visto a sequência de filmes reboot primeiro, gostei mais da ideia original onde me parece mais ficção científica do que os filmes atuais. Talvez se fizessem um remake desse sem zoar muito com a história e também aproveitar bastante de efeito prático, traga uma nova visão com a geração atual sobre esse filme.

Fiquei instigado a assistir os outros, em breve trarei reviews.","ação, aventura",2026-01-06
2026-01-10,Stranger Things 5: The Finale,2025,https://boxd.it/cyxuNl,3,,"Compreendo toda a comoção que rolou com esses final, dentre todas as teorias. Muitos não aceitaram este final, por vários motivos, de furos a pontas soltas.
Sei que poderiam ter feito melhor e mais dramático, mas aceito este final como o mesmo conselho que o Hopper deu para o Mike. 

Após 10 anos de série, aprendemos muito com isso. É apesar de poder ser muito melhor, muito mais épico. Deram um final pro sofrimento da Eleven. E isso foi o suficiente.

Infelizmente a série virou algo comercial, cresceu graças a identificação tanto dos adultos que viveram na época que se passa mas também por ter protagonistas crianças. Por um lado isso é ótimo. Mas parece que descartaram a profundidade que poderia ter.","ação, ficção",2026-01-09
2026-01-10,Avatar: Fire and Ash,2025,https://boxd.it/cyxXRB,4,,"Elementos do primeiro filme, misturado com o que viemos no segundo. 

Ainda sim, tudo muito lindo e grandioso como quase todo o filme do James Cameron.

Sobre a continuidade da história, parece que querem manter o coronel vivo, apenas para ter um conflito no próximo filme. Como se só existe ele dentro do exército pra combater o Jake Sully.

Pelo menos aproveitaram bem a ideia de apresentar uma tribo ""Chaotic Evil"" que se aliam aos pele rosada. 

Mas um mundo tão complexo com fauna, flora e cultura tão profunda. Demora muito pra apresentar coisas novas. Tinham que apresentar mais tribos, trazer aquela energia imersiva que sentimos no primeiro filme. 
Agora tudo se resume em minutos de felicidade / horas de conflito fugindo do exército.

Espero que se houver um próximo filme, desenvolvam mais a profundidade do planeta e a mãe Eywa.

Não entendo o motivo do Spyder existir. Parece apenas uma peça de conflito que conversa com a necessidade de colocarem o exército em tudo. Ele parece que foi algo adicionado depois do roteiro estar pronto. Não senti necessidade dele estar lá no meio.",,2026-01-09
2026-01-13,I'm Still Here,2024,https://boxd.it/cBCUiP,5,,"Primeiro 5 estrelas. 
Me arrependo de não ter visto antes, digno de ver, mais de uma vez no cinema.

Realidade de uma época terrível que ocorreu no país. Um filme tão imersivo que trouxe a sensação de cada cena pro meu sofá enquanto assistia. Apesar de já ser conhecimento sobre a história da Eunice Paiva. Fiquei realmente tenso a cada vez que o filme ia se aprofundando cada vez mais.

A <b>Fernanda merecia 2 globos de ouro</b> por este filme. Sua atuação foi tão perfeita, que ao ver fotos da Eunice de verdade, parecia que ela era a atriz.
Todos os atores e atrizes presentes fizeram um ótimo trabalho em seus respectivos papéis. Mas a participação do Selton Mello como Rubens foi incrível, um bom pai, um bom marido.

Toda a ambientação do filme foi perfeita, desde trilha sonora até objetos de cena, cada mínimo detalhe que teve menos de 1 minuto. Foi crucial pra deixar a cena mais crível.","drama, histórico, goldenglobe",2026-01-12
2026-01-14,Mortal Engines,2018,https://boxd.it/cCSa81,3.5,,"Não dava nada pra esse filme, mas realmente é bom. Trouxe conceitos interessantes e os CGI são impressionantes. Não senti nenhuma estranheza de tela verde nas interações de pessoas e grandes máquinas.
É um filme bom, ótimo pra tela quente de segunda.

A história é coesa e tem uma vibe Borderlands. Beira o limite do exagero, mas é no ideal. Tudo bem balanceado. Não senti falta de uma continuação, porém sinto que poderiam ter apresentado o povo além da muralha antes. Não deu muito tempo pra se importar o suficiente com eles.

Sobre o zumbi perseguidor, achei muito legal o conceito escolhido pra esse personagem. Trouxe bastante profundidade pra protagonista Hester Shaw.",,2026-01-13
2026-01-15,Materialists,2025,https://boxd.it/cDTdkl,3,,"Não é um romancezão clichê. Mas tem uma história interessante e diferente.

Particularmente não concordei com essa ideia de ser materialista. Mas acho que foi necessário nesse caso para dar uma profundidade boa pra personagem e também servir como redenção no final.

E os dois opostos personagens do Chris Evans e do Pedro Pascal foi interessante pra colocar a personagem da Dakota Johnson na balança do que ela realmente quer pra vida dela.","romance, pedro pascal",2026-01-14
2026-01-19,Dune,2021,https://boxd.it/cHKEKt,3,,"Inicialmente me senti bastante perdido, mas não por culpa do filme em si e sim por causa de que é um universo completamente já feito com muitos elementos já impostos e construídos. Me senti jogado no meio de uma trama que já estava rolando. 
Claro, é o início da história de Paul Atraides, mas ainda sim tive essa sensação de tenho saber mais coisas para compreender o contexto, ao menos dar a devida importância.

Sobre a direção de cena, impecável. Toda a grandiosidade do deserto é incrível.
Nas primeiras cenas, achei os trajes exagerados nos detalhes. Porém mudei de ideia quando me toquei que estão nos anos 10.000. Nesse caso acho justo que seja algo diferente e ainda mais que tenha toda a tecnologia mostrada nos trajes dos Fremens.

Falando neles, gostei muito da cultura desertica que trás detalhes de de vários pontos das culturas que vemos hoje.

O detalhe das vozes, que o Paulo Atreides e a mãe dele é interessante. Mas é um ponto chave que tem que ser bem utilizado pra não ser apelativo.","ficção, científico",2026-01-16
2026-01-20,Dune: Part Two,2024,https://boxd.it/cJc7Yx,4,,"Esse aqui foi bem melhor que o primeiro filme.
A ascenção ao poder de Paul Atraides foi bem desenvolvida e pude ver isso acontecendo ao longo do filme. Com bastante ênfase na sua aparência que evolui muito desde o primeiro filme. Se tornando que ele foi predestinado a ser.
Não sei muito sobre o universo de duna, mas consigo ver os motivos dos livros serem tão grandes. 

Vi muitos contrastes de cenários, que por sinal são ótimos. Foi a parte que mais gostei, ver as grandiosidades tanto internamente quando por fora.

No aguardo do próximo filme.","ação, ficção, científico",2026-01-18
2026-01-25,Alvin and the Chipmunks,2007,https://boxd.it/cOcstP,2.5,,"De fato o fator nostalgia é muito forte nesse filme. Mas é o que mantém esse filme. Algumas piadinhas que faziam sentido na época hoje beiram a leve chatice. Porém não o suficiente pra parar de assistir.
Os esquilos cantando ainda é engraçadinho, é isso carrega o filme.

O desenvolvimento do Dave adotando eles de verdade, é comovente.",infantil,2026-01-19
2026-01-25,The Blue Trail,2025,https://boxd.it/cOosgb,4.5,,"Muito bom, acredito que não tenho bagagem cultural suficiente pra aproveitar esse filme ao máximo. Mas sei o que significativo pode ser pra quem viveu ou vive no norte do país.

A Terezinha é uma ótima protagonista, interpretada pela Denise Weinberg. Tudo muito bem amarrado e místico, assim como deve ser.

As paisagens da Amazônia são sempre deslumbrantes, em cada detalhe. Desde as folhas que caem na água até o chilrear dos pássaros.

O último azul trás muita cultura e uma história muito interessante.

Parabéns ao diretor e toda a equipe que trabalhou neste filme",brasileiro,2026-01-25
2026-01-25,Night at the Museum,2006,https://boxd.it/cOsuqb,3,,"Legal, nostálgico e bem divertido às vezes.
Não me lembro de algum furo que fizesse ser ruim.

Filminho sessão da tarde, pra não ter que pensar muito.","ficção, sessão da tarde",2026-01-25
2026-01-29,The Green Knight,2021,https://boxd.it/cSLNtR,4,,"Comecei o filme pensando nele como um 3/5.

Dado a ambiente, cenários e principalmente ao jogo de luzes e cores apresentados ao longo do filme. Não podia esperar menos da A24.

O que inicialmente parecia um filme de aventura heróica, com um protagonista diferente e um objetivo diferente dos normais. A lenda do cavaleiro verde, não trás aquela premissa de que salvar o mundo ou alguém. A jornada mostra que quem deveria ser salvo é ele mesmo. Indo ao seu destino sem saber no que poderia dar.

Dentre os acontecimentos, não sei o que pensar da cena dos gigantes. Mas gosto de pensar que aquilo serviu como uma visualização das ambições do protagonista. Que agiu inicialmente no filme como se estivesse sendo manipulado por algo ou alguém.

Toda a construção por trás do Cavaleiro Verde em si é muito boa, não deu detalhes de onde veio e por qual motivo. Porém conseguiu dar o tom de mistério e misticismo. Acredito que nos contos originais devam ter mais embasamento sobre este universo. De qualquer forma, o filme retrata bem todos os elementos e me parece muito bem amarrado.

O final garantiu a 4° estrela dessa review.","aventura, ficção, a24",2026-01-28
2026-02-08,The Secret Agent,2025,https://boxd.it/d27Iwr,4.5,,"Comecei o filme com 5, mas caiu pra 4.5.
Fiquei com a dúvida se era totalmente real ou com detalhes manipulados para tornar mais leve uma história da época. (Tubarão e Perna Cabeluda)

Porém, depois entendi que tudo isso fazia parte do que o filme deveria mostrar. Toda a parte das memórias, e como fazemos pra manter alguém vivo. Tudo isso colabora para a narrativa do filme, que torna tudo mais interessante fazendo dos ambientes e cenários muito bem elaborados.

Gostei bastante do filme, apesar de não ter concretizado o 5.0, pude experimentar assistir sem saber muito sobre o filme. Meu conhecimento sobre se limitava ao resumo da sinopse. Dito isso, ajudou bastante a me manter preso na tela, tenta do ligar os pontos e entender do por quê do filme ser do jeito que é.

Vi uma das reviews, e me vez entender melhor sobre o posicionamento do filme e como ele comunica detalhes que não percebi a primeira vista. Mas entendendo agora. Faria da minha nota 4.75.

O quase 5.0 que tive ao longo do filme, que quis manter a nota para ser justo com os filmes que me marcarem como totalmente 5.","goldenglobe, ficção, brasileiro",2026-02-07
2026-02-08,Train Dreams,2025,https://boxd.it/d2m14J,3.5,,"Um filme contemplativo, triste, realista.

Robert viveu meia vida longe de quem ama, e não pode estar lá. Tentou se fazer presente quando pode. Mas sabia que não era o suficiente, temia não poder voltar. Porém foi justamente em sua volta, que ele perdeu.

Foi na sua volta, que o Robert não voltou mais, preso em memórias.",,2026-02-07
2026-02-09,"Basic Sanitation, the Movie",2007,https://boxd.it/d2RLr7,3.5,,"Divertido, gosto bastante da estética que esse filme tem. A história é boa, fiquei com a impressão de que fosse um filme dentro de um filme para resolver a problemática real da cidade.

Ou que é uma adaptação de um outro material",,2026-02-08
2026-02-09,Zootopia 2,2025,https://boxd.it/d3e1uv,3,,"Teve boas referências, passa uma boa mensagem pras crianças.

Mas nada inovador",,2026-02-08
2026-02-10,Legally Blonde,2001,https://boxd.it/d48gtT,3,,"Quando apertei o play, achei que fosse um filme ""típico anos 2000"". Onde tive uma impressão totalmente errada do que poderia ser o enredo.

Algo bobinho, apenas pra mostrar uma atriz bonitinha, naquelas de ""feia"" no início que se transforma no final (realmente nada a ver)

Apesar do óbvio, LEGALMENTE Loira. Achei interessante a ideia de mostrar a protagonista indo atrás de algo com convicção. Apesar de que inicialmente ela fez isso, pra tentar conquistar seu amor de volta. Até ela provar que não é só ""uma loirinha"" e que é capaz sim, eu achava superficial demais. Ela fazer uma faculdade só pra re-conquistar alguém.

Mas como todo ser humano, ela falhou acertando. Dado seu ato falho de correr atrás de alguém que não merecia ela. Ela pode conhecer pessoas novas que realmente se importavam com ela e também pode descobrir que ela podia sim ser uma advogada, além de poder aproveitar seu conhecimento anterior em outra área.

Apesar da nota 3, gostei do filme. Apenas não foi tão uau pra mim. Mas gostei do posicionamento.",,2026-02-09
2026-02-10,Death of a Unicorn,2025,https://boxd.it/d4eNnh,2.5,,"Parece uma tentativa mais engraçada de pegar um conceito infantil e adultizar ele.

Mas a forma como foi feito o CGI dos unicórnios, admito que foi bem feito. E todo o conceito místico e misterioso, é o que sustenta o filme.

De resto achei fraquinho",,2026-02-09
2026-02-14,Jurassic World Rebirth,2025,https://boxd.it/d7nrIx,2,,"Eba dinossauros ultra realistas.

Mas que roteiro horrível, facilmente poderia não ter aquela ""família"", que só serviu pra dificultar as coisas. 

Poderia utilizar do nome ""REBIRTH"" pra ser algo como nos livros, onde tem terror. Da tripulação sobrevivendo apenas os 4, abalados.

Filme em si, bonito, mas fraco. 
Vale algumas ressalvas dos atores, mas não foi o suficiente pra dar uma nota melhor.

Chega de Jurassic park, inventem outra franquia de dinossauros pra vender boneco pra criança.","ficção, oscar, ação",2026-02-13
2026-02-15,The Nice Guys,2016,https://boxd.it/d7NxzX,3,,"Ryan gosling sendo um detetive e um Detetive interpretado pelo Russell Crowe.

É uma história boa, bem balanceado com ação e investigação. 

Bom pra ver domingo de tarde ou num sábado a noite. Não precisa pensar muito.","ação, investigação",2026-02-14
2026-02-16,Weapons,2025,https://boxd.it/d8TxYJ,4,,"Muitas simbologias, não vi quais foram as indicações pro Oscar. Mas imagino que por roteiro seja uma delas, bem construído.

Fiquei curioso o suficiente pra sair do filme e ir buscar mais sobre.

Gostei de como dividiram em capítulos, como POVs de certos personagens.","oscar, ficção, suspense",2026-02-15
2026-02-22,The Darjeeling Limited,2007,https://boxd.it/df0qVr,3.5,,"Não é o melhor filme do mundo, mas eu gostei.
Primeiro Wes Anderson do meu letterboxd, sei o quanto de potencial tem os filmes dele, quero ver mais",wes anderson,2026-02-21
2026-02-22,Bird Box,2018,https://boxd.it/df3jLl,3,Yes,"Admito que não tem nada de impressionante.

Mas segundo o que a Sandra Bullock disse, visualizei os monstros mais como uma alusão a depressão. Porém concordo com que o filme possa ser sobre aprender a lidar a como ser mãe.","ficção, suspense",2026-02-21
2026-03-01,Hairspray,2007,https://boxd.it/dlhYXp,3,Yes,"Assistia na época das locadoras, tive um pouco de nostalgia, pois já não lembrava muito do filme.

Mas ainda sim, hoje em dia é um filme bom e com uma pauta boa sobre igualdade.

Apesar de que se fosse feito hoje em dia, teria uma narrativa totalmente diferente.",musical,2026-02-21
2026-03-04,Army of Darkness,1992,https://boxd.it/dnTvVj,2.5,,"Tinha uma expectativa totalmente diferente desse filme. Achei descobri depois que era do Sam Reimi (E que também era o terceiro filme de uma trilogia).

Apesar de tudo, é um filme bem tranquilo, bobalhão, sem precisar pensar muito. Não senti necessidade de ver os outros 2 filmes (Evil Dead). Pra entender algo.

Mas ainda sim, sinto que poderia ser um roteiro melhor, parece trapalhões demais. Talvez algo como um protagonista BadAss que resolve todos os problemas e fica com a mocinha no final.

De qualquer forma, achei legalzinho. Filme sessão da tarde. Assistiria com a minha vó tomando café.","prime video, sam reimi",2026-03-02
2026-03-05,The Bluff,2026,https://boxd.it/dolhqR,2.5,,"Senão fosse pela Priyanka Chopra e o Karl Urban, esse filme seria uma tristeza. Parece um piratas do Caribe de baixo orçamento.

Porém, considerando qualidade de gravação e efeitos visuais/sonoros. Da pra dizer que o problema foi a direção mesmo.

Bastante visceral.",ação,2026-03-04
2026-03-07,One Battle After Another,2025,https://boxd.it/dq4Plv,3,,"Sem comentários, pois não coloquei a review no dia, então não lembro nada. Logo fica apenas a nota.","ação, oscar",2026-02-13
2026-03-07,Inglourious Basterds,2009,https://boxd.it/dq50xR,3.5,,"Incrível como todo filme do Tarantino. Tem quase a mesma gama de atores, estética e visceralidade.

Pontuação HEC
História: Interessante, apesar de já ser um clichê pra mim, esses filmes de guerra matando nazi. Não foi tão inovador, mas foi bom.
Estética: Tarantino Like = Bastante saturação, jogadas de câmera, e iluminação.
Conceito: ok",quentin tarantino,2026-03-04
2026-03-18,Donnie Darko,2001,https://boxd.it/dzmpp9,4.5,,"Inicialmente não tava entendendo muito bem o porq das pessoas gostarem tanto do filme.

Mas da metade pro final, consegui sacar o plot twist e toda a questão que envolve a viagem no tempo. Fui obrigado a sair do filme e ir pesquisar.
Inclusive tem um site exclusivo do filme, explicando as coisas 

Gostei muito do conceito de viagem no tempo, me pegou bem desprevenido.","2001, ficção",2026-03-17
2026-03-19,Together,2025,https://boxd.it/dA2hsj,2.5,,"Conceito interessante por trazer uma mitologia, mas que filme horrível. Sinceramente

Particularmente não sou fã desses filmes ""suspense-terror"". No quesito terror ele é fraco, mas ainda sim o roteiro todo faz parecer que o filme é longo demais pra um roteiro de 15 minutos.

Sobre os efeitos práticos e efeitos digitais, se saiu bem. É muito tenebroso a parte que eles se ""colam""

Acho que pra melhorar poderia levar pra um lado mais terror cósmico. O que a seita acredita ser um deus que separou os humanos pipipopopo. Ser na verdade um ser milenar que é o real causador de tudo, a forma maligna desconhecida que uma amalgama de todas as pessoas que já foram possuídas.

Enfim, não cativou.","suspense, ficção",2026-03-18
2026-03-22,Her,2013,https://boxd.it/dCHyCP,4,,"Eu fiquei bastante impactado com este filme, ainda mais com o uso das IAs sendo tão forte hoje em dia.

Consegui interpretar a solidão que o diretor teve ao longo de 10 anos após seu divórcio com Sofia Coppola (Diretora de Lost in Translation).
Como o ser humano tende a ir para onde somos recebidos bem e também somos recíprocos com aquilo ou o que temos contato. Seja por meio romântico ou amigável. 
Gostamos das pessoas pelo o que elas nos fazem sentir, seja por uma boa conversa que tivemos com um colega de trabalho ou até mesmo algumas gargalhadas que deu com alguém conhecido sobre um terceiro.

Her mostrou o lado de Spike Jonze, como ele se arrependeu da forma que lidou com o seu casamento. Por trabalhar demais e não dar atenção devida a sua ex-esposa. (É falado sobre atenção, em Lost In Translation)

Absorvi esse filme de formas diferentes, mas uma que mais bateu foi sobre o quão longe as IAs podem ir hoje em dia. Também vi como é importante ser transparente dentro de um relacionamento, seja qual for. É importante ser verdadeiro, mesmo que doa a você ou ao outro.

A vida é sobre conseguir viver o próximo dia, assumindo suas decisões de hoje, e lidando com seus erros do passado.","ficção, científico, netflix, filosófico",2026-03-07
2026-03-22,Lost in Translation,2003,https://boxd.it/dCIGlJ,4,,"Agora podendo falar completamente sobre essa história que não diretamente se conecta com HER (Spike Jonze)

Extraoficialmente esse filme tem 4.25.
Sinto que ele se saiu melhor do que HER, mas em poucos sentidos pois são filmes muito equivalentes, em termos de proposta, fotografia e direção. (Apesar de HER ser 10 anos na frente, logo parece ser ""mais bonito"")

Lost in Translation se tornou o meu favorito dentre os dois, me deixou reflexivo durante todo o filme para no final ligar os pontos e entender a narrativa central que leva ao nome do filme.

Eles se encontram, com situações parecidas, se conhecem. Gostam da companhia um do outro, mas sabem que não vão viver aquilo para sempre, precisam voltar pra sua ""vida real"".

Charlotte, apesar de abandonada pelo seu esposo, sabe apreciar sua vida com solitude até conhecer o Bob, um ator no fim de carreira que em sua viagem pra Tokyo vive uma solidão indescritível baseada em uísque e charutos.
Charlotte mesmo tendo amigos, ainda sim se sentia melhor com o Bob.
No ditado de ""o santo bateu"", eles se encontraram como almas gêmeas que não vão poder viver juntos.

Parabéns Sofia, ótimo filme.","não ficção, drama",2026-03-21
2026-03-24,I Think We're Alone Now,2018,https://boxd.it/dEIvaD,2,,"Atores bons, ideia legal.
Mas o roteiro é bem fraquinho. Parece que foi só um filme pra preencher currículo","drama, ficção",2026-03-23
2026-03-25,The Phoenician Scheme,2025,https://boxd.it/dFBmKd,4,,"Todo filme do W. Anderson tem os mesmo esquemas (kkkk Esquemas Fenicios) de câmera, mesma fotografia saturada amarelada.

Isso tudo torna qualquer história que ele invente de fazer boa, pois é sempre exageradamente explicada com termos e conceitos inventados dentro do próprio universo do filme. O suficiente para que pareça um filme viajado, mas pode acreditar. Tem muitos significados intrínsecos nos detalhes dos filmes. 

Ainda vou ver quais são esses detalhes exatamente, mas o fato de ter deixado a curiosidade de saber é uma experiência muito boa para todos os filmes","ação, comédia, sombrio",2026-03-24
2026-03-26,Project Hail Mary,2026,https://boxd.it/dGsWdb,5,,"Ainda sem saber o que dizer sobre esse filme

Mas tentando colocar em palavras, foi um dos melhores filmes que eu já assisti. 

É realmente o filho de Interestelar e Perdido em Marte.

Tem todo o checklist de filme espacial:
Acordar sem entender nada.
Nave girando sem controle.
Momento de tudo está perdido + segundos de silencio mortal = Alivio com algumas perdas 
Cena bonita no espaço.

Mesmo sabendo disso tudo e meio que esperando isso aparecer. Ryan conseguiu transmitir uma emoção e conexão muito forte com Rocky.

Sem mais detalhes, Devoradores de Estrelas teve seu toque de inteligência sem ser chato. Se tornou um dos meus filmes favoritos!","ficção, aventura, drama, científico",2026-03-25
2026-03-27,Predator: Badlands,2025,https://boxd.it/dH8CNd,3,,"Humanizaram o predador.

Apesar dos pesares, foi interessante ver um Yautja no início da carreira, falhando é não sendo aquele predador perfeito que o Schwarzenegger tenta matar o filme inteiro.

Foi relativamente boa a adição de Fanning como uma meia parceira do Del.

Tenho a impressão que fariam uma continuação apenas pra servir o fan service e o pessoal Edge cool descolado.

Fora isso, não vejo necessidade de ter uma continuidade.","ação, ficção científica",2026-03-26
2026-03-31,My Neighbor Adolf,2022,https://boxd.it/dKEyh9,2.5,,"É ""divertidinho"" mas não é nada uau.
Colocaria pra assistir sábado a tarde, pra dormir",drama,2026-03-27
2026-04-02,A Walk to Remember,2002,https://boxd.it/dMKssF,3,,"Comecei achando muito ruim, muito sem sal.
Mas depois que fala que ela tem leucemia, mudou totalmente minha visão.

Mostra além da superação também uma redenção do protagonista

Parabéns","romance, drama, 2002",2026-04-01
2026-04-02,Ice Age,2002,https://boxd.it/dMONmh,4,Yes,"De fato uma obra prima, assistiria mais umas 10 vezes de novo.

Gosto muito de perceber os detalhes de uma animação dos anos 2000-2005. Como assistir naquela época fazia tudo parecer ultra realista. E mesmo hoje em dia sendo 50x melhor. Ainda sim tem filmes como este, que conseguem ficar no limiar do realismo e o cartunismo. 
Muito bom sempre, voltar pra nostalgia","aventura, infantil, 2002",2026-04-01
2026-04-03,Spirit: Stallion of the Cimarron,2002,https://boxd.it/dNKvRx,4,Yes,"Mais uma pérola da minha infância, cheia de nostalgia

Gosto muito desse filme, detalhe que foi o primeiro filme que eu assisti na Netflix,lá no início de quando a Netflix surgiu por aí. 

Mas já tinha assistido antes disso, quando criança. 

É uma história muito boa, comovente. E com animações tradicionais misturadas com 3D disfarçados. Todo ambiente é lindo, a trilha sonora (no dublado) é muito boa.

Posso assistir mais 20 vezes e ainda vou gostar desse filme","2002, aventura, infantil",2026-04-02
2026-04-04,Resident Evil,2002,https://boxd.it/dOzPa1,3,,"Oficialmente primeira vez que assisto inteiramente um dos filmes de resident evil.

Admito que sabia em parte que não era fiel aos jogos, porém como uma obra individual é um filme relativamente bom. Não daria mais estrelas por sentir que é meio forçado alguns detalhes.

Ainda sim, é um filme aparentemente bem planejado, pena que alguns filmes desse diretor sejam meio fracos. 

3 estrelas exclusivas para Milla Jojovich. Que carrega a franquia","ação, 2002, ficção científica",2026-04-03
2026-04-04,Blade II,2002,https://boxd.it/dOKh5X,3.5,,"Lutas muito bem coreografadas. Estética de tecnología surreal da época muito bom como sempre.

Wesley Snipes sempre será o melhor ator e único Blade. Eternizou o personagem, como outros nomes da Marvel. 

Uma pena que o personagem seja tão menosprezado. Tem muito potencial

Me impressou muito saber que foi o Del Toro que fez esse filme","ação, terror",2026-04-03
2026-04-05,The Super Mario Galaxy Movie,2026,https://boxd.it/dPVeW1,3.5,,"Cheio de referências como no primeiro filme, abre possibilidades para um Smash Bros.

A adição do Yoshi aqui foi ótima, substituiu bem o lugar do Donkey Long, mas ainda sim gostaria de ter visto ele aqui.

Por ter a participação do Miyamoto aqui, tudo é bastante fiel. Com os efeitos sonoros que ocorrem nos jogos, como pequenos olás para o público mais assíduo.

Muitas das referências, são de vários jogos diferentes, sem parecer bagunçado.

Em dois filmes conseguiram abraçar quase todo o universo de jogos do super mario e ainda tem muita coisa pra mostrar.","ação, aventura",2026-04-04
2026-04-06,Spider-Man,2002,https://boxd.it/dQXNuz,4,Yes,"Outra pérola da infância, visto pelo menos umas 5-8 vezes.

Gosto da fotografia de 2002 que esse filme tem.
Mas em termos de roteiro, tem pontos que eu mudaria. Porém, acredito que foi uma boa decisão para a época.","sam reimi, ação, 2002",2026-04-05
2026-04-07,Panic Room,2002,https://boxd.it/dRziij,3,,"Realmente um filme bom, tem boas cenas, bastante suspense.

É o primeiro filme Tela Quente (eu acho) que coloco aqui. 

A combinação dos atores, foi boa. Jared Leto sempre sendo inconveniente. Espero ver pelo menos 1 filme que ele seja útil.

De resto, é um filme ok.","suspense, 2002, não ficção, tela quente",2026-04-06
2026-04-07,The Bourne Identity,2002,https://boxd.it/dS0uG7,4,,"Gostei bastante assisti a tarde e parecia bastante um filme de sessão da tarde.

Matt Damon é um bom ator, conheço a ideia do agente Bourne. Mas nunca tinha assistido os filmes. O primeiro fez jus ao personagem e reconheço que precise de mais filmes (e teve mesmo, até um jogo se não me engano).

Depois do desafio de abril, vou ver o resto dos filmes.","ação, sessão da tarde, 2002",2026-04-06
2026-04-08,Scooby-Doo,2002,https://boxd.it/dT102H,4,Yes,"Uma pérola dentre todos os filmes desse ano.
Incrível como apesar de datada algumas piadas, ainda solto o ventinho pelo nariz. Mais pela nostalgia e pela lembrança de infância.

Prefiro o Scooby daqui, é definitivamente a melhor versão. Depois do Scooby do desenho animado (o melhor, Hanna Barbera). {Em terceiro lugar vem o Scooby do jogo de PS2, do Scooby doo Unmasked, mas esse não é o assunto aqui}

Gosto muito desse filme, entra como filme favorito. Mas tenho uma pequena dificuldade em escolher top 10 filmes favoritos. Por gosto de muita coisa.

<b>Mas falando sobre esse filme, </b>não lembrava que era logo nesse primeiro que o Scooby Loo aparecia. E apesar dele ser lelé, gosto muito dele. Fred tem muito a melhorar. Velma merece muito reconhecimento por sua inteligência. Se a Daph fosse um pouco menos patricinha e assumisse essa cara de faixa preta, seja mais divertido ter alguém pra quebrar tudo.

Por fim, Saggy e Scooby, dois <i>maconheiros </i>comilões","2002, aventura, fantasia, live action",2026-04-07
2026-04-09,Lilo & Stitch,2002,https://boxd.it/dTEyOj,3.5,Yes,"É divertidinho, muito bem feita a animação. Somado aos cenários feitos em aquarela.

Gosto do filme, mas não sou tão fã de Lilo e Stitch. Gosto mais do filme que aparece os primos irmãos do Stitch.","2002, infantil",2026-04-08
2026-04-10,Minority Report,2002,https://boxd.it/dUvjkJ,4,,"Tirando o blur fortíssimo que tem nesse filme. Em termos de roteiro, é algo realmente muito bom. Um futuro não tão distante. Que transita entre alta tecnología distópica que o contexto urbano de 2002.

O plot twist é realmente muito bom. É um dos melhores filmes do Tom Cruise que eu já assisti.","ação, ficção científica, 2002",2026-04-09
2026-04-15,Signs,2002,https://boxd.it/dYO4XZ,3.5,,"Admito que é um filme muito bom, graças ao seu diretor.

Esse foi um dos meus traumas de infância, principalmente a cena do alien em Passo Fundo - RS. Que foi o único detalhe que marcou minha cabeça ainda mais por toda a trama e como é tratado o assunto pelos personagens.

Este filme definitivamente não é sobre aliens mas sim sobre a filosofia contatada pelo personagem de Mel Gibson. Sobre o grupo que acredita em sua fé e o grupo que acredita na pura sorte.

O filme mostra isso e muito bem. Fazendo conexões entre as cenas. Sobre a correlação do Ex-padre que finge não crer mais. Que na verdade ainda acredita, só que não está mais lá para ""olhar por nós"".","2002, ficção, suspense",2026-04-13
2026-04-15,Treasure Planet,2002,https://boxd.it/dYVbgx,4,Yes,"Tenho poucas memórias sobre este filme ainda mais por ter assistido tão jovem, mas ainda sim lembro de bons detalhes dos personagens.
Gosto muito da simplicidade do design que o protagonista.

A estética misturada entre animação 2D com alguns elementos 3D, mexe muito com áreas específicas do meu cérebro. 
E gosto muito do universo que se passa essa história. Com piratas espaciais e toda a trama.","2002, infantil, ação",2026-04-14
2026-04-17,Star Wars: Episode II – Attack of the Clones,2002,https://boxd.it/e0lkXh,4,Yes,"Gosto muito do 3D do Mestre Yoda nesse filme. E admito que tenho uma grande preferência pelo caçadores de recompensas, principalmente o Bobba Fett e o Jango Fett.

Uma pena que Anakin se corrompe, mas ele foi predestinado a isso.","ficção científica, 2002, aventura",2026-04-16
2026-04-20,The Drama,2026,https://boxd.it/e2O1EV,4,,"Gostei bastante do filme, A24 sempre trás um perspectiva totalmente nova sobre algo. O filme trouxe uma boa reflexão sobre relacionamentos e como podemos lidar com eles.
O filme mostra 3 relações diferentes e como cada pessoa dentro deles se comporta individualmente e em conjunto.",drama,2026-04-18
2026-04-20,Harry Potter and the Chamber of Secrets,2002,https://boxd.it/e2ODuf,3.5,Yes,"Gosto do universo de HP, mas admito que não sou tão fã assim. Imagino que a maioria curta mais pela nostalgia de ver desde a infância.
Mas deste filme em si, lembro de chegar na casa da minha prima (vulgo HPLOVER) e ver ela assistindo esse filme, principalmente na cena em que aparece o Basilisco.","aventura, infantil, 2002",2026-04-19
2026-04-20,Stuart Little 2,2002,https://boxd.it/e2P2VP,4,,"Gosto muito da estética de pequeno mundo do Stuart. Dele ter suas pequenas coisinhas. Me lembra muito o jogo Grounded. Onde objetos do cotidiano se tornam ferramentas úteis.

Tanto o segundo quando o primeiro filme são muito divertidos. Uma pena que não teve mais.

(Adendo bônus a participação do Dr.House, sendo totalmente gentil com a família)","2002, infantil, aventura",2026-04-19
2026-04-23,Men in Black II,2002,https://boxd.it/e569KV,3.5,,Um clássico cheio de plástico aluminizado. Se o Will Smith não tivesse tapeado o Chris Rock. Talvez um dia víssemos uma continuação. Seria legal ver o J como chefão dos MIB.,"2002, ação, ficção científica",2026-04-20
2026-04-23,Catch Me If You Can,2002,https://boxd.it/e58WW1,4,,"Apesar de muito inteligente, Frank Jr, caiu na boca da ganância. Poderia ter feito pouco pra se estabilizar e ganhar muito mais, honestamente. (Mesmo que o pontapé inicial tenha sido fraudulento) 
Acredito que era por uma boa causa, de ajudar o pai. Mas sua ingenuidade somada a cega luxúria que ele mesmo se deu. Fez com que ele vivesse uma curta longa vida.
Vida essa que por uma decisão inconsequente, lhe garantiu um emprego decente, provando seu valor.","2002, não ficção, sessão da tarde",2026-04-21
2026-04-23,City of God,2002,https://boxd.it/e59IRj,5,,"Incrivelmente nunca tinha visto esse filme (não inteiro) no máximo via umas cenas perdidas.
Mas admito que me arrependo de não ter visto antes. 
Gosto de filmes que são contados em capítulos, nesse caso, e narrado por um dos personagens.
Definitivamente um dos melhores que eu já vi, mesmo com 24 anos, ainda é algo muito real. Com algumas adaptações claro.

Não sabia quase nada da história além do famoso Dadinho Zé Pequeno e o Bondoso Bené.
Ambos lados de uma mesma moeda suja de sangue. Que nos mostra que a maldade não é uma consequência e sim uma escolha. Zé Pequeno fez por merecer assim como todos traficantes que escolheram o ""bom do melhor"". Mas esqueceram que a vida muito mais tira do que nos dá.
Bené por outro lado, fez companhia não pra ""curar"" o amigo, mas sim por quê foi ele que o acompanhou desde sempre. Bené, salvava quem podia e poupava inocentes. 

Buscapé foi exemplo de que mesmo tendo um contato direto com o crime, conseguiu vencer e seguir o seu sonho de fotógrafo.
Viu tudo de perto, mas ainda sim, teve oportunidade e sou de agarrar a ela quando pode.","2002, baseado em fatos reais, tela quente",2026-04-22
2026-04-26,The Lord of the Rings: The Two Towers,2002,https://boxd.it/e7gKIZ,4,Yes,"Sempre gostei mais de Duas Torres.
Um bom meio de conflito, bem executado.","2002, ficção, aventura",2026-04-24
2026-04-26,8 Mile,2002,https://boxd.it/e7idIr,4,,"Não conhecia a história do Eminem. Tirando a questão racial, a história dele prova que todo mundo passa por momentos ruins e que também recebem oportunidade de mostrar o seu valor, junto com a demonstração de carácter.
Mesmo estando completamente ferrado na vida, B-Rabbit tenta proteger sua irmãzinha da vida difícil que eles vivem.
Outro ponto, ter amigos que realmente acreditam em você, é um diferencial enorme pra conseguir alcançar algo.","2002, bibliográfico",2026-04-25
2026-04-26,Spy Kids 2: The Island of Lost Dreams,2002,https://boxd.it/e7pbr3,3.5,Yes,"Boa parte da minha imaginação criativa, se baseou bastante nesse filme. 
Principalmente os efeitos sonoros e alguns dos CGI / Gadgets.
———
A essência da família Cortez (fortemente Latina graças ao Antonio Banderas) é algo muito bom, o tempero desse filme.","2002, ação, aventura, infantil, sessão da tarde",2026-04-25
2026-04-27,Chicago,2002,https://boxd.it/e7T9UR,4,,"Encerrando o desafio de abril, com uma boa folga.

Tinha uma baixa expectativa sobre esse filme, só sabia que era uma musical. Não li nada sobre.

E tive boas impressões ao longo do filme, de início parecia Orange is The New Black, dado o foco nas mulheres prisioneiras. Mas depois fui entendendo o conceito do filme onde acontece a história acompanhada de um musical contextualizando de forma lúdica. 

Uma das melhores cenas, foi do advogado tentando convencer o júri, junto a cena do mesmo sapateando sozinho em um palco com um holofote totalmente focado nele. 

E a segunda, onde eles são dando uma entrevista, e a simulação musical é o advogado conduzindo a protagonista como se fosse uma marionete. Ao fundo os jornalistas como marionetes também.","2002, musical",2026-04-26
2026-05-04,Pulp Fiction,1994,https://boxd.it/edEfNL,3.5,,"O Tarantino sempre fazer a mesma receita de bolo nos seus filmes. Muita morte, preferencialmente visceral. 
---
Mas a forma de contar a história por mais insana que pareça é boa. Gosto de filmes separados por capítulos (que mostram nítidamente isso).
---
Não sabia nada além de poucas referências sobre pulp fiction. No máximo a famosa cena do Travolta e a cena do Bruce Willis com a metralhadora. Achei a construção dos fatos muito boa, apesar de ser asíncrono com a cronológica.
---
Consigo ver esse filme como um clássico, dado que ele foi base de muitas referências no cinema após ele.","quentin tarantino, ficção",2026-05-02
2026-05-11,Everything Everywhere All at Once,2022,https://boxd.it/ejyOIN,4,Yes,"Gosto de como esse filme decorre de muitos conceitos. 

Um dos detalhes que também que contam a história separada por 3 capítulos.

As reflexões que este filme traz, além de toda a maluquice de multiversos. É sobre como vemos nossas relações, como mãe e filha, que o filho mostra.

Como a Evelyn se importou tanto que deixou de se importar. Tentou olhar pra tudo, mas não olhou nem pra si mesma. Nem pro seu casamento e sua filha.

Assistiria mais 2 vezes, pra ver todos detalhes.
A24, sempre entregando tudo.","a24, oscar, 2022",2026-05-09
2026-05-27,Ford v Ferrari,2019,https://boxd.it/ewGoMd,3.5,Yes,"Christian Bale e Matt Damon, são uma ótima combinação de atores pra um filme bom. Ainda não assisti um filme deles que fosse ruim.

Bale sempre entrega tudo em seus papéis. Nesse filme em questão, ele foi perfeito em demonstrar a chatice perfeccionista do Ken Milles.

A participação do Jon Bernthal foi só um saltinho pra esse molho todo ficar bom!

Uma pena o fim trágico do Ken miles.","não ficção, corrida",2026-05-26
2026-06-01,The Devil Wears Prada 2,2026,https://boxd.it/eAKwQr,4,,"Gostei de ver Miranda (Meryl Streep) mais humanizada e de fato aceitando que o mundo mudou. Apesar de ser rude em praticamente todos os momentos. É possível ver que ela é uma boa pessoa que tem um cerne muito forte, se mantendo plena mesmo que esteja quebrada por dentro.

Anne Hathaway, voltando como Andy com uma bagagem gigantesca do jornalismo ( não me lembro como acaba o primeiro filme para fazer a ponte), mas consigo ver que ela cresceu bastante como profissional. Com pequenos deslizes que mostram sua natureza insegura mas que também mostra que ela mesmo recebendo os coices da Miranda, faz de tudo para tornar a Runway valorizada mais uma vez. 
E ela faz isso por ela, pela Miranda e pelo Nigel também.

A participação do Nigel (Stanley Tucci) foi a terceira ponta do losango de personalidades que o filme traz. Sendo um ponto doce, cuidadoso e também ríspido quando necessário.

Andy -> Nigel -> Miranda -> Emily","cinema, moda",2026-05-30
